,Drone ID,FLIGHT TIME (in sec)(Day 1),FLIGHT TIME (in sec) (Day 2),FLIGHT TIME (in sec) (Day 3),RESTING/ WAITING TIME  (in sec) (Day 1),RESTING/ WAITING TIME  (in sec) (Day 2),RESTING/ WAITING TIME  (in sec) (Day 3),CHARGING TIME  (in sec) (Day 1),CHARGING TIME  (in sec) (Day 2),CHARGING TIME  (in sec) (Day 3),MAINTENANCE VARIABLE COST ($) (Day 1),MAINTENANCE VARIABLE COST ($) (Day 2),MAINTENANCE VARIABLE COST ($) (Day 3),ENERGY COST ($) (Day 1),ENERGY COST ($) (Day 2),ENERGY COST ($) (Day 3)
0,D1A,14138,0,0,12471,0,0,174,0,0,19.636111111111113,0.0,0.0,2366.7804000000237,0,0
1,D2A,13448,0,0,10696,0,0,920,0,0,29.884444444444444,0.0,0.0,8887.194000000083,0,0
2,D3A,3942,0,0,2783,0,0,305,0,0,14.235,0.0,0.0,4368.005999999975,0,0
3,D6A,14152,0,0,9826,0,0,1489,0,0,98.27777777777777,0.0,0.0,18429.796800000247,0,0
